listingId,listingName,listingDescription,listingLocation,listingStars,listingNumReviews
1,temporibus,maxime eum quis,South Ezra,2,27
2,molestias,eos neque commodi,West Felicitachester,3,67
3,commodi,rem ea in,Harmonymouth,3,46
4,libero,sit sint ut,Braunberg,4,17
5,eligendi,eos dolores maiores,Bernadineborough,5,41
6,voluptate,asperiores reiciendis voluptas,Mayerfort,1,30
7,magnam,voluptas nihil et,North Chynastad,2,96
8,illo,magni iure optio,North Jeantown,1,65
9,voluptate,aliquid in minima,Reichertstad,4,61
10,sed,voluptatum aliquid at,Port Allan,2,27
11,nisi,beatae enim vel,North Isidro,3,99
12,est,perferendis sapiente minus,South Luis,2,49
13,vel,molestiae maiores porro,East Aracelyburgh,2,38
14,eum,molestias ut amet,North Rashadton,1,77
15,quia,fugit deserunt voluptatibus,Stephenbury,3,26
16,debitis,autem cumque ut,West Gretchen,2,17
17,assumenda,consequatur tempore voluptatem,Port Victoria,4,31
18,itaque,ab et voluptas,North Amari,1,59
19,alias,necessitatibus tempora vitae,Karlihaven,3,10
20,vitae,eum repellat et,East Taylor,1,43
21,beatae,ut ipsa voluptas,West Gustave,3,39
22,asperiores,libero inventore aut,West Garfield,3,98
23,iusto,nam quo in,East Terrell,3,72
24,quo,animi aspernatur quis,Howellport,3,3
25,itaque,similique unde repellat,New Fabiola,4,81
26,placeat,veniam quis et,Jannieberg,4,55
27,quo,sunt unde labore,East Donato,1,32
28,iusto,tempore provident consequatur,Cartermouth,2,68
29,dignissimos,qui ut in,Lake Alexfort,5,88
30,ipsam,et et esse,South Orin,2,5
31,ex,possimus adipisci pariatur,Smithside,4,79
32,aut,rerum quia libero,Stehrberg,1,54
33,incidunt,eius molestiae odio,Adamshaven,2,5
34,non,quos saepe blanditiis,Ratkehaven,3,97
35,quisquam,quod nesciunt voluptatem,North Freeda,3,36
36,voluptate,officia quia rerum,Strackeburgh,5,19
37,perferendis,dolor id impedit,Port Bobby,5,70
38,occaecati,nemo omnis minima,Considineland,3,74
39,ut,sint incidunt libero,Kunzehaven,5,36
40,facere,excepturi qui est,Halvorsonstad,4,15
41,amet,et qui voluptatum,Trevermouth,5,47
42,et,voluptates molestiae rem,South Russell,5,52
43,in,atque ex iste,Eleonoreville,2,11
44,commodi,nulla non ut,West Taryn,2,23
45,aut,porro quod labore,Luellashire,3,42
46,id,facere ea porro,Sauerside,2,46
47,reiciendis,suscipit explicabo ea,Cyrusport,2,70
48,et,at harum voluptas,New Mariah,2,24
49,beatae,nemo soluta cupiditate,Hazleburgh,2,65
50,et,rem omnis nostrum,East Susannaton,2,56
51,accusantium,enim at id,Wiegandmouth,3,43
52,quas,ratione expedita error,North Carolyne,3,79
53,placeat,facere qui consectetur,Blockberg,2,57
54,consequuntur,error et laboriosam,Mateoport,4,7
55,maiores,alias fugit quidem,O'Harachester,5,84
56,adipisci,fuga dolorum quaerat,Michealtown,3,81
57,voluptas,qui impedit maxime,Walshmouth,1,18
58,aut,ut omnis accusamus,Miaborough,5,26
59,non,harum ipsa reprehenderit,Mitchellland,4,48
60,voluptatem,laudantium cupiditate accusantium,West Anastasia,4,96
61,voluptatem,assumenda vero deleniti,Kozeystad,1,46
62,dignissimos,rerum beatae asperiores,Lake Caden,1,60
63,quo,quod quasi eum,South Domenica,4,76
64,culpa,repellat eum illo,Port Santinofurt,1,57
65,nesciunt,ullam mollitia distinctio,Alvinabury,4,64
66,animi,voluptatibus saepe dolores,South Celestine,3,21
67,iure,rerum accusantium unde,Veummouth,4,68
68,provident,consectetur exercitationem perferendis,Nitzscheville,3,28
69,quis,id fuga voluptate,Bernhardhaven,4,41
70,error,aut necessitatibus optio,North Sandrineberg,3,51
71,nesciunt,perspiciatis tenetur dicta,South Anabellechester,3,85
72,soluta,voluptatem ut quae,Port Alice,2,18
73,non,est aut enim,O'Keefemouth,5,60
74,est,harum rerum mollitia,Mohrport,2,24
75,sint,est cupiditate possimus,Gleasonberg,4,44
76,dolores,quia in ea,Mrazstad,2,46
77,beatae,voluptatem facere quia,Jessycachester,4,61
78,occaecati,eum quibusdam consequuntur,West Kris,3,80
79,et,saepe qui esse,Albinaborough,2,98
80,explicabo,ratione facere commodi,Lake Lenniebury,1,41
81,ea,optio et quia,Lake Herminafort,3,79
82,provident,qui et commodi,Lake Winston,4,13
83,tenetur,est quis explicabo,Binstown,2,1
84,voluptate,aliquid unde porro,Turcotteton,3,25
85,officiis,voluptatem recusandae quod,Marisolstad,2,25
86,perferendis,maiores quo excepturi,North Oral,2,82
87,nam,eligendi corporis deleniti,Kearafurt,5,71
88,sit,qui cum est,Baumbachview,3,66
89,aut,voluptatibus aut expedita,Shanabury,2,89
90,magni,labore voluptatem aut,Casperton,4,31
91,omnis,possimus vitae cum,New Claudinemouth,1,2
92,dolorum,impedit consequatur natus,Kassandrastad,2,39
93,eos,quaerat eligendi vitae,Henrietteville,4,42
94,et,quaerat repellendus sed,North Carmella,2,37
95,possimus,repellendus nam eaque,Mollyport,2,20
96,ut,maiores molestias suscipit,Lake Clementinamouth,5,52
97,rerum,provident sed velit,Murrayside,2,12
98,facilis,sint repellat totam,South Ethan,1,63
99,temporibus,quod dolorem ut,Lake Forest,4,26
100,architecto,optio dicta exercitationem,Lake Lydiaport,3,36
101,maiores,ad quaerat in,Hegmannborough,4,99
102,vitae,qui quae laboriosam,Schowaltermouth,3,58
103,facere,aperiam enim minima,Denesikview,1,51
104,officiis,reprehenderit quis quia,Kelsiemouth,2,4
105,laboriosam,natus quam magni,West Richie,3,26
106,commodi,veniam eveniet dolores,New Ivorytown,1,46
107,et,blanditiis repellat porro,New Fredaburgh,2,59
108,voluptatibus,labore enim quaerat,East Sterling,4,94
109,facere,expedita delectus sint,Jazlynbury,4,5
110,qui,in maiores ea,Bogisichmouth,1,46
111,ex,hic vero rerum,Lake Edgar,5,46
112,sit,repellat placeat qui,North Lavinia,1,89
113,accusamus,asperiores vel pariatur,Walkerbury,5,19
114,qui,quis nesciunt ut,Brandynborough,4,83
115,tenetur,eligendi hic vitae,Nasirview,5,94
116,doloremque,eveniet non expedita,New Guston,4,10
117,vero,impedit consequatur facilis,New Nyahburgh,5,62
118,maxime,ratione repudiandae quia,Evahaven,2,0
119,et,et rerum est,Lake Kennedi,1,29
120,excepturi,facere voluptatem quibusdam,West Bernhardton,3,93
121,ut,odio adipisci cumque,West Bryonhaven,1,28
122,enim,repellendus culpa exercitationem,North Thora,2,37
123,animi,et beatae iste,Darienport,2,99
124,soluta,aspernatur qui hic,Lake Macimouth,1,90
125,dolorum,quasi omnis exercitationem,Sidneyborough,2,22
126,earum,itaque deserunt quos,South Ima,2,48
127,sapiente,omnis nemo rerum,Lake Mariatown,3,57
128,aut,sint quas necessitatibus,Port Jaime,2,81
129,occaecati,magnam explicabo excepturi,East Ritachester,4,23
130,laudantium,sit voluptas cum,Lake Annachester,4,73
131,suscipit,aliquam eos in,Fabianstad,4,9
132,et,voluptatem commodi provident,Lake Stephany,3,4
133,suscipit,id aliquid eius,Walterview,2,51
134,a,et beatae asperiores,Lake Nicochester,4,27
135,ipsa,optio asperiores odit,North Rooseveltview,2,91
136,recusandae,ipsam et rem,Kalitown,1,0
137,voluptatem,a illum tenetur,South Daphneystad,2,33
138,ut,nihil sed iste,Port Jorge,5,62
139,quia,exercitationem occaecati quia,Bartolettibury,3,87
140,alias,reiciendis dolores repellat,Lake Lexiemouth,5,42
141,animi,consectetur sit ex,North Blanche,1,79
142,autem,explicabo illo et,Greenholttown,3,26
143,ipsa,qui vel perferendis,Pacochatown,4,26
144,impedit,reprehenderit ex nobis,Kingberg,2,80
145,qui,dolores corrupti voluptas,East Ervin,5,37
146,ad,et ab optio,West Elnora,1,90
147,aut,non fugit dolore,West Phoebeborough,3,15
148,impedit,eveniet ea soluta,Schuppefurt,4,24
149,laudantium,rem ipsum qui,South Rogelio,4,61
150,quo,tempore quidem accusantium,Agnesshire,2,88
151,quibusdam,enim fugit impedit,Violetteport,4,98
152,quos,maiores eos voluptate,Gradyside,5,25
153,aspernatur,est quis quo,Jesusbury,1,59
154,ipsa,voluptas eaque et,Terryburgh,5,67
155,est,eos voluptatum totam,West Oscarberg,2,10
156,magni,similique cupiditate doloribus,North Clydechester,4,86
157,nulla,et voluptatibus facere,Port Ona,2,28
158,est,nihil nemo dolores,Lake Leta,4,64
159,dolorum,alias quia quis,New Clifford,3,9
160,commodi,qui odit aspernatur,South Aaliyahborough,4,48
161,cumque,soluta veritatis velit,New Kirstin,4,88
162,eaque,ducimus vitae qui,Port Geovanni,5,92
163,ad,quaerat aut autem,Asaberg,2,15
164,et,ut autem non,Riceborough,1,25
165,aperiam,cumque rerum ducimus,New Elenorborough,1,72
166,nihil,dolores repellat est,Lake Alberta,5,47
167,voluptatibus,optio sit ut,Marcellaville,3,99
168,modi,nihil ipsam magnam,Lake Bernitaland,3,70
169,sint,quis rerum recusandae,Langtown,4,43
170,neque,soluta voluptas nemo,West Brookeport,4,28
171,voluptatem,repudiandae enim aut,Dibbertton,4,99
172,placeat,totam quis culpa,New Ahmad,1,32
173,et,cumque omnis officiis,Harrisport,4,74
174,consectetur,qui numquam ut,Wilfredoburgh,5,52
175,eum,recusandae quo asperiores,New Hannahshire,3,10
176,nisi,rem voluptatem iusto,Bridgetfort,3,97
177,incidunt,animi consequatur impedit,Port Jalon,5,41
178,atque,et ut aut,North Gussieton,2,1
179,voluptatem,reiciendis est ratione,North Chaimberg,5,54
180,perferendis,at consequatur voluptas,West Izaiah,1,81
181,ea,explicabo facilis dignissimos,Leannonburgh,1,48
182,deserunt,quos et quisquam,New Waldo,3,62
183,aut,cumque repellendus aperiam,Toyberg,2,58
184,non,vero eaque fugiat,Devinside,4,49
185,iure,error perspiciatis cupiditate,South Kenyaberg,1,94
186,illum,sunt incidunt laudantium,Port Luciennetown,2,23
187,et,facilis consequatur tenetur,Doylemouth,2,38
188,consequatur,quidem ipsa facilis,Bergstromport,5,57
189,illum,saepe sed porro,Bernhardport,3,39
190,quo,autem sit ut,New Jonatantown,3,59
191,nihil,a beatae molestias,Weberhaven,5,83
192,veritatis,dolore repellendus aperiam,Adelialand,2,12
193,repellat,non laboriosam assumenda,East Remington,2,1
194,exercitationem,et esse eos,Stehrborough,4,87
195,harum,voluptatibus similique nesciunt,Benedictport,1,42
196,qui,ea sit harum,New Lavinia,3,55
197,est,adipisci molestiae omnis,Hegmannview,2,18
198,quis,nostrum voluptatem ab,South Joany,2,66
199,commodi,quam iure sed,Lorenzamouth,5,92
200,nemo,nihil tempora nihil,West Leonelmouth,5,78
201,sit,rerum omnis sit,Borerbury,4,5
202,nisi,cum sequi ipsum,East Stonestad,4,13
203,quasi,corrupti temporibus labore,West Tayaport,3,98
204,maiores,odit libero aut,Howardhaven,1,11
205,nemo,atque ipsa accusamus,Consueloton,5,86
206,nulla,eos cumque et,Keelington,1,38
207,consectetur,quos laborum optio,Vicentafurt,2,0
208,perspiciatis,dolorum vel quia,Hannaview,3,10
209,molestiae,sunt ex vel,Port Chanelfurt,5,70
210,ducimus,illum voluptatem amet,Maritzaview,3,66
211,sunt,atque ex facere,East Darianborough,4,16
212,similique,qui autem laboriosam,East Reggie,1,20
213,recusandae,ut et dolor,West Lorenza,3,54
214,quo,placeat sequi rem,Lake Jodieberg,4,39
215,doloribus,quas voluptates optio,Torphyville,3,25
216,voluptatem,est doloribus suscipit,Nicolashaven,2,11
217,aut,praesentium molestias a,Walterborough,3,60
218,asperiores,qui quis sed,Schoenborough,2,85
219,ea,nisi rerum velit,South Hans,5,57
220,rem,nesciunt eveniet ab,North Vivianneborough,3,39
221,sed,incidunt et et,West Kaylee,5,68
222,harum,unde temporibus praesentium,Schambergermouth,2,73
223,pariatur,accusamus neque excepturi,Friesenbury,1,74
224,rerum,sunt et debitis,South Rebekahview,5,2
225,et,impedit nostrum quia,Lindgrenhaven,1,62
226,voluptas,autem ut delectus,West Cara,4,17
227,autem,eum vel corrupti,Medhurstmouth,4,20
228,sit,ipsam aut et,Kurtberg,2,56
229,sed,ea qui est,Wilfredostad,3,6
230,corporis,esse pariatur ducimus,North Alicia,5,71
231,necessitatibus,et fuga saepe,Guyland,5,30
232,reiciendis,libero et tenetur,Anjaliton,2,58
233,hic,tenetur consequatur adipisci,Luciennemouth,3,11
234,et,et laudantium et,Artburgh,4,34
235,vel,laborum harum id,Lake Kristy,5,19
236,ea,et atque magnam,Beerchester,4,89
237,ut,nihil impedit ab,Armstrongmouth,5,26
238,rerum,aut corporis reiciendis,Feestmouth,5,22
239,ut,eligendi omnis saepe,Nikolausfurt,1,7
240,a,in eos aut,Gerdafort,2,2
241,qui,velit deleniti nihil,Lake Daleview,5,78
242,voluptas,et consequatur perspiciatis,Konopelskiview,5,56
243,perferendis,nostrum necessitatibus incidunt,East Angeline,5,4
244,qui,temporibus tempore ut,New Tavares,5,44
245,corporis,sint cupiditate accusantium,Port Jackiebury,5,76
246,deserunt,amet quia voluptate,East Lianaborough,2,77
247,nam,dolorem enim ut,Jacobsmouth,1,96
248,sequi,aut officiis ullam,East Petra,3,94
249,quia,delectus iste harum,South Alize,3,71
250,sit,velit sint laboriosam,Walterbury,4,17
251,nesciunt,aspernatur rerum esse,Amirmouth,4,16
252,quis,fugit voluptas architecto,South Freda,4,88
253,aliquam,id iste dolorem,Port Ramona,2,10
254,minus,quia id ducimus,Raeland,2,65
255,occaecati,enim harum qui,Kristytown,4,71
256,libero,officia quae inventore,Volkmanport,3,95
257,quidem,aut dolor exercitationem,Marquardtmouth,4,34
258,rerum,illo voluptatem eum,New Zariachester,5,69
259,tempore,a aut sed,Anaisside,4,8
260,fugit,fugiat quia dolore,Port Trenton,1,70
261,sit,amet quia rem,South Zellachester,1,65
262,voluptates,recusandae dolorem quaerat,Thielville,2,13
263,ducimus,id provident voluptas,North Shyannhaven,1,34
264,nihil,et sunt qui,Davonteville,5,54
265,sit,magnam aperiam quisquam,West Ashtyntown,2,54
266,et,asperiores modi rerum,Port Andres,3,10
267,nobis,sed alias nisi,North Ima,3,19
268,est,suscipit veritatis possimus,Lake Rogers,5,78
269,exercitationem,vel veritatis provident,Caspermouth,4,74
270,fugiat,officia esse fuga,North Haydenburgh,5,41
271,quas,modi blanditiis blanditiis,North Vickieberg,1,68
272,harum,unde voluptates et,Fisherton,5,97
273,ea,officia non et,Evelineview,4,28
274,sed,accusamus dolorum ea,Port Donaldfurt,5,94
275,et,autem unde in,Bayermouth,5,65
276,magnam,ipsum iste soluta,Lake Marielastad,4,35
277,dolorem,qui atque ipsa,Port Vladimirtown,5,63
278,repellendus,quaerat architecto molestias,East Noemi,2,36
279,rerum,ut blanditiis sed,New Makenziefort,3,73
280,cupiditate,accusantium ut quia,Hoegerfort,3,52
281,et,itaque ut harum,Port Ila,4,64
282,ad,omnis nostrum in,Otismouth,5,91
283,corporis,et cupiditate natus,Port Claudinemouth,3,15
284,natus,non quasi quidem,Croninport,3,39
285,sed,officiis repellendus incidunt,East Clairstad,3,5
286,qui,voluptas ab iste,South Forresttown,2,71
287,omnis,dignissimos saepe eos,Lynchtown,4,84
288,aut,quae facere atque,Eloisaland,5,96
289,debitis,voluptate cum magni,North Karenport,1,20
290,nulla,est expedita neque,South Izaiahland,3,39
291,nihil,ea maxime enim,Lake Felicia,2,64
292,ut,corporis itaque amet,South Wilford,1,91
293,laudantium,laudantium ipsa voluptatem,East Lamont,1,87
294,blanditiis,quaerat doloribus et,Brittanyview,2,58
295,eius,aut eaque facilis,New Kanebury,1,95
296,placeat,autem id est,North Kristopher,1,25
297,libero,ut voluptate unde,Breitenbergmouth,4,18
298,eum,veritatis fuga facilis,Justynville,4,24
299,sit,ab occaecati et,East Pearline,4,72
300,modi,repudiandae iure eveniet,Mayertown,1,28
301,similique,non dolor molestias,North Marianomouth,3,69
302,omnis,voluptatibus et quae,West Rebeccaberg,2,47
303,suscipit,incidunt iure molestiae,East Loma,3,14
304,omnis,quibusdam totam quam,West Donatoborough,4,4
305,tenetur,voluptatem excepturi molestiae,West Kareemstad,4,96
306,nam,sint expedita ipsam,South Carissa,2,76
307,aspernatur,aut laudantium modi,Mertzhaven,4,52
308,qui,voluptas nemo quia,South Toreyburgh,5,19
309,non,in nihil voluptas,Lake Lucas,5,14
310,neque,incidunt debitis recusandae,New Avery,1,61
311,ut,non rerum quia,Nikolauston,4,43
312,et,beatae officiis consequatur,North Misael,3,44
313,qui,et corporis iusto,Monicafurt,5,59
314,voluptatem,in et expedita,Lake Mikaylaton,1,69
315,vero,recusandae et ea,Port Lonnychester,1,54
316,placeat,deserunt rerum cumque,Holliebury,1,50
317,est,recusandae ratione ipsum,Champlinchester,3,60
318,adipisci,quibusdam et quod,Kalebton,4,75
319,repellat,et est et,New Coreneburgh,3,81
320,quis,impedit maxime vel,South Cheyenneville,5,31
321,magni,ea explicabo in,Croninchester,1,76
322,itaque,blanditiis atque voluptas,Lake Loyalfort,1,37
323,distinctio,reprehenderit ex voluptatum,Port David,4,54
324,in,nostrum perspiciatis error,Windlerberg,3,5
325,pariatur,omnis ut ullam,Kuvalishaven,2,25
326,corrupti,hic temporibus fuga,Cruickshankburgh,3,29
327,sint,nulla est repudiandae,Ellenstad,2,66
328,dolorum,dolor et id,New Aurelie,2,58
329,est,et ut aliquam,Lake Johathanport,1,5
330,ratione,ullam possimus ducimus,Beckerland,4,46
331,est,veniam quis fugiat,Lake Marielastad,2,30
332,sunt,necessitatibus quas omnis,West Kenya,5,53
333,facere,excepturi tenetur ut,South Dwightland,1,34
334,quis,aut corrupti recusandae,East Claire,5,84
335,quisquam,quo ut debitis,Port Keagan,1,78
336,quo,quis sunt ut,Carrollchester,5,28
337,enim,autem accusamus sapiente,South Jalenton,5,71
338,quis,non dolorem fugit,New Marianeberg,5,80
339,distinctio,corrupti a et,Florinemouth,2,39
340,sunt,non corporis quos,Hilllstad,4,38
341,sint,provident dolore unde,Mantemouth,4,35
342,laboriosam,maxime voluptatem ipsam,Orphaberg,2,15
343,dolores,ab unde unde,Kianaberg,1,5
344,magni,consequatur et commodi,Samsonstad,5,87
345,natus,assumenda similique voluptatem,Ramonaberg,5,16
346,architecto,perferendis ratione repudiandae,Aiyanashire,5,39
347,ducimus,expedita fugiat animi,Wyatttown,3,85
348,eveniet,cum nostrum eum,Ortizport,2,84
349,numquam,nulla id qui,Sabinamouth,1,72
350,aut,necessitatibus nihil voluptatem,Mannfurt,4,95
351,dolorem,est saepe aut,Port Leola,4,84
352,laborum,in incidunt optio,North Anastasia,2,34
353,ipsum,aperiam occaecati sunt,North Jacynthe,3,6
354,delectus,eaque laborum ut,Lake Claude,5,82
355,mollitia,est animi quod,Rohanshire,5,56
356,quo,laboriosam dolorum dolor,Jessycaville,2,56
357,consectetur,est vel nulla,Giannimouth,4,19
358,aut,saepe voluptatem praesentium,New Sammyberg,3,76
359,ea,omnis inventore assumenda,Port Roderickshire,2,17
360,velit,est recusandae eos,Lake Donatobury,4,43
361,vero,repudiandae vel tempora,Toyland,5,94
362,voluptatem,quia magnam aliquid,Helenaborough,1,36
363,aliquid,molestiae quis repellat,North Sunny,3,34
364,enim,enim earum quaerat,South Demetrius,2,1
365,odio,modi et dicta,Framiberg,5,4
366,id,nam incidunt nisi,Trevorfurt,3,87
367,libero,quae qui voluptatem,Lake Brisa,4,98
